BEGIN TRANSACTION;
INSERT INTO `user` (userID,username,email,password,creator) VALUES (1,'TheGreatOne','test1@gmail.com','$2b$04$wZOo.2vFPgzXSL.6Pq5aG.78afcGi/jP2w0Ea54xKE3U.AiDCk0N.',1);
INSERT INTO `user` (userID,username,email,password,creator) VALUES (2,'KJberserk','kev@gmail.com','$2b$04$g2OoDys88WgIFypRaPrUU.fHxO8rN9Ec4oi2KYfKboEd3hzPFYG12',1);
INSERT INTO `user` (userID,username,email,password,creator) VALUES (3,'noncreator','noncreator@gmail.com','$2b$04$cwl7hPJkPvcFckLNp50AwepByfukoFh/Ex8AyQuJscIdD9kJwO7.y',0);
INSERT INTO `user` (userID,username,email,password,creator) VALUES (19,'Kjberseker','mgege@gmail.com','$2b$04$L2azfwpCzk/tlCeIlMCXO.3meqqJWXokRxgr4oNkXckmRLlq99MVa',0);
INSERT INTO `category` (name,description) VALUES ('Arts','Books, Design, Fashion & Beauty, Food, Performing Arts, Visual Arts');
INSERT INTO `category` (name,description) VALUES ('Business','Careers, Entrepreneurship, Investing, Management, Marketing, Non-profit.');
INSERT INTO `category` (name,description) VALUES ('Comedy','Comedy Interviews, Improv, Stand-Up');
INSERT INTO `category` (name,description) VALUES ('Education','Courses, How To, Language Learning, Self-Improvement');
INSERT INTO `category` (name,description) VALUES ('Fiction','Comedy Fiction, Drama, Science Fiction');
INSERT INTO `category` (name,description) VALUES ('History','history');
INSERT INTO `category` (name,description) VALUES ('Music','Music Commentary, Music History, Music Interviews');
INSERT INTO `category` (name,description) VALUES ('News','Business News, Daily News, Entertainment News, News Commentary, Politics, Sports News, Tech News');
INSERT INTO `category` (name,description) VALUES ('Science','Astronomy, Chemistry, Earth Sciences, Life Sciences, Mathematics, Natural Sciences, Nature, Physics, Social Sciences');

INSERT INTO `podcast` (podcastID,title,creator,description,category,image,creatorID) VALUES (51,'Podcast1','TheGreatOne','Description Description Description Description Description','Science','uploads/3a329252c02dd3682a26812cfbb280cb',1);
INSERT INTO `podcast` (podcastID,title,creator,description,category,image,creatorID) VALUES (52,'Podcast2','TheGreatOne',' Description Description Description Description Description Description Description ','Arts','uploads/1843053e3a70d19b4abd69666469209d',1);
INSERT INTO `podcast` (podcastID,title,creator,description,category,image,creatorID) VALUES (53,'Podcast1','KJberserk','Description','Music','uploads/fa74b1c52989dc01d510b9c9f8b99046',2);
INSERT INTO `episode` (episodeID,title,file,uploadDate,price,podcastID,description,sponsor) VALUES (28,'Ep1 di Podcast1','audiofiles/1621a81fe7b9a7bfb8d428f09d60cb29','21-10-2020',0.0,51,'Description Ep1 Description Ep1 Description Ep1 Description Ep1 Description Ep1 Description Ep1 Description Ep1',NULL);
INSERT INTO `episode` (episodeID,title,file,uploadDate,price,podcastID,description,sponsor) VALUES (29,'Ep2 di Podcast1','audiofiles/d28f036fc81130a680da69fd492060fa','21-10-2020',5.99,51,'Description Ep2 Description Ep2 Description Ep2 Description Ep2 Description Ep2 Description Ep2 Description Ep2',NULL);
INSERT INTO `episode` (episodeID,title,file,uploadDate,price,podcastID,description,sponsor) VALUES (30,'Ep3 di Podcast1','audiofiles/a3aa15d49405cbe3618770b4f71b6a18','21-10-2020',10.0,51,'Description Ep3 Description Ep3 Description Ep3 Description Ep3 Description Ep3 Description Ep3 Description Ep3 ',NULL);
INSERT INTO `episode` (episodeID,title,file,uploadDate,price,podcastID,description,sponsor) VALUES (31,'Ep1 di Podcast2','audiofiles/6f0bd37424e2568ed8f1e18ddc554afd','21-10-2020',0.0,52,' Description Description Description Description Description Description Description Description Description Description',NULL);
INSERT INTO `episode` (episodeID,title,file,uploadDate,price,podcastID,description,sponsor) VALUES (32,'Ep2 di podcast2','audiofiles/8550236b917a6bff791307b35edc2d54','21-10-2020',2.0,52,' Description Description Description Description Description Description Description Description Description Description','mc fierli');
INSERT INTO `episode` (episodeID,title,file,uploadDate,price,podcastID,description,sponsor) VALUES (33,'Ep3 di Podcast2','audiofiles/5d769e003e31eefc137830b99af4ad34','21-10-2020',9.0,52,'Description Description Description Description Description Description Description Description Description Description',NULL);
INSERT INTO `follow` (followID,userID,podcastID) VALUES (84,1,52);
INSERT INTO `favorite` (favoriteID,userID,episodeID) VALUES (32,2,31);
INSERT INTO `comment` (commentID,commentText,uploadDate,userID,episodeID) VALUES (37,'papappaafwfagggg','22-10-2020',2,28);
INSERT INTO `comment` (commentID,commentText,uploadDate,userID,episodeID) VALUES (38,'awfafawfawfafawfaf','22-10-2020',2,28);
INSERT INTO `comment` (commentID,commentText,uploadDate,userID,episodeID) VALUES (40,'dawfwafa','22-10-2020',3,28);
INSERT INTO `comment` (commentID,commentText,uploadDate,userID,episodeID) VALUES (41,'f3fw','23-10-2020',2,31);
INSERT INTO `comment` (commentID,commentText,uploadDate,userID,episodeID) VALUES (42,'wwwwwwwwwwwwwwwwwwwwwwwwwwwwwwwwwwwwwwwwwwwwwwwwwwwwwwwwwwwwwwwwwwwwwwwwwwww','23-10-2020',2,31);
INSERT INTO `comment` (commentID,commentText,uploadDate,userID,episodeID) VALUES (43,'aaaaaaaaaaaaaaaaaaaaaaaaaaaaaaaaaaaaaaaaaaaaaaaaaaaaaaaaaaaaaaaaaaaaaaaaaaaaaaaaaaaaaaaaaaaaaaaaaaaaaaaaaaaaaaaaaaaaaaaaaaaaaaaaaaaaaaaaaaaaaaaaaaaaaaaa','23-10-2020',2,31);
INSERT INTO `purchase` (purchaseID,name,surname,cardType,cardNumber,cvv,userID,episodeID) VALUES (4,'kkk','ddd','mastercard',12345,12345,2,28);
INSERT INTO `purchase` (purchaseID,name,surname,cardType,cardNumber,cvv,userID,episodeID) VALUES (5,'1234','123445','1235',1234,12354,2,29);
INSERT INTO `purchase` (purchaseID,name,surname,cardType,cardNumber,cvv,userID,episodeID) VALUES (6,'jjr5tjrtj','rtjrjrjr','rjrtjrj',12333333333333,124,2,30);
COMMIT;
