BEGIN TRANSACTION;
INSERT INTO `user` (userID,username,email,password,creator) VALUES (1,'TheGreatOne','test1@gmail.com','$2b$04$wZOo.2vFPgzXSL.6Pq5aG.78afcGi/jP2w0Ea54xKE3U.AiDCk0N.',1);
INSERT INTO `user` (userID,username,email,password,creator) VALUES (2,'KJberserk','kev@gmail.com','$2b$04$g2OoDys88WgIFypRaPrUU.fHxO8rN9Ec4oi2KYfKboEd3hzPFYG12',1);
INSERT INTO `user` (userID,username,email,password,creator) VALUES (3,'noncreator','noncreator@gmail.com','$2b$04$cwl7hPJkPvcFckLNp50AwepByfukoFh/Ex8AyQuJscIdD9kJwO7.y',0);
INSERT INTO `user` (userID,username,email,password,creator) VALUES (19,'Kjberseker','mgege@gmail.com','$2b$04$L2azfwpCzk/tlCeIlMCXO.3meqqJWXokRxgr4oNkXckmRLlq99MVa',0);
INSERT INTO `user` (userID,username,email,password,creator) VALUES (20,'wada','awfafa@fe','$2b$04$aPvHsxOK.GLCcaF/IyMyPOJBX4.Wy/J4va9EzhvVTF.5Ev/B2jFxi',1);
INSERT INTO `user` (userID,username,email,password,creator) VALUES (21,'kykyky','Keky@gmail.com','$2b$04$9CroddZ1TbukP7ya2yZLb.AotSTPRTRJMiFfe3RMBCCNiaoCeQ7cW',0);
INSERT INTO `user` (userID,username,email,password,creator) VALUES (22,'hgrthgrsd','gdrgsg@gmail.com','$2b$04$OTqgpueLAi2KLJs1ehhDnOa8OxFICABy2/EXCxmJiZvjqoJjxOsQ2',1);
INSERT INTO `user` (userID,username,email,password,creator) VALUES (23,'UtenteInderiserato','test2@gmail.com','$2b$04$U/SwAQIcysn6Dt51XngyO.epSZ6.2EuNUuKSBNyFKa6FyEzOfvx4m',1);
INSERT INTO `user` (userID,username,email,password,creator) VALUES (24,'nonuser2','nonuser2@gmail.com','$2b$04$eHN2f.HmSQ8j3rl5yHjO/uLfW1PlRnLLT1XxxAkJvZxnlGr1KikNu',0);
INSERT INTO `user` (userID,username,email,password,creator) VALUES (25,'kjd','kev2@gmail.com','$2b$04$1.0IlEcI5IA8GK8Nyh1cz.JeiNqXBZFrune.57O6QrSfUN7st/NMq',1);
INSERT INTO `user` (userID,username,email,password,creator) VALUES (26,'username2','kev@gem','$2b$04$uX7rxWcPWkOsPMMhDMFEoe/DMA1rsI4uqXk7rp/HgC7TxdfAbTbNa',0);
INSERT INTO `user` (userID,username,email,password,creator) VALUES (27,'wafawfawf','fawfaf@geg','$2b$04$2Q0f1Hf3NnuVsTz24MVGiugmuYgLGrJowE5NwqwXNB.wZkhQCr89i',0);
INSERT INTO `user` (userID,username,email,password,creator) VALUES (28,'dawfafwafa','gsge@gegsags','$2b$04$VBjysULg/SyRJCI7WxpGCOSYALJ9RW/GZvq5UogzKqf11213kO326',0);
INSERT INTO `user` (userID,username,email,password,creator) VALUES (29,'awfawfawfa','awfafaf@awgaga','$2b$04$t7VmqvdnaWzdPlSQN8Mb7OMIPzEML5rIRSSMrFs.E/b/vKpXOVZ1m',0);
INSERT INTO `user` (userID,username,email,password,creator) VALUES (30,'creator3','creator3@gmail.com','$2b$04$scZxqcRn5axBit0CmbNGGOkPBuMhyLUoahcW9gC2zx4D9JFJr8uUq',1);
INSERT INTO `user` (userID,username,email,password,creator) VALUES (31,'noncreator3','noncreator3@gmail.com','$2b$04$IaYcQtvtSqlAsD.ky9147uR8bgnNHgyAyaVstlmJTZqBzPO39XJLm',0);
INSERT INTO `user` (userID,username,email,password,creator) VALUES (32,'pincopallino','pincopa@gmail.com','$2b$04$F3NVFBIIUPzqbe3FqSfQiu.e2hU6.DrHIDK9zsJjcdpAcsEoYIJR2',0);
INSERT INTO `podcast` (podcastID,title,creator,description,category,image,creatorID) VALUES (51,'Podcast1','TheGreatOne','Description Description Description Description Description','Science','uploads/3a329252c02dd3682a26812cfbb280cb',1);
INSERT INTO `podcast` (podcastID,title,creator,description,category,image,creatorID) VALUES (52,'Podcast2','TheGreatOne',' Description Description Description Description Description Description Description ','Arts','uploads/1843053e3a70d19b4abd69666469209d',1);
INSERT INTO `podcast` (podcastID,title,creator,description,category,image,creatorID) VALUES (54,'Podcast Arte 4','KJberserk','Description Description Description Description Description Description Description ','Arts','uploads/cacac3d1b03a3c56bd4fc72128f346d0',2);
INSERT INTO `podcast` (podcastID,title,creator,description,category,image,creatorID) VALUES (58,'Alternative science','UtenteInderiserato','podcast about the lies of modern sience, ruled by reptilian overlords','Science','uploads/228785fc0d5f48be99b34307b3ba7910',23);
INSERT INTO `podcast` (podcastID,title,creator,description,category,image,creatorID) VALUES (59,' Middle Ages','UtenteInderiserato','Understanding the scientific and cultural evolution of the "Dark Age", according to facts.','History','uploads/528f5bf51517ff9652be6071eae62b1d',23);
INSERT INTO `podcast` (podcastID,title,creator,description,category,image,creatorID) VALUES (65,'awfaf','kjd','awfawfaf','Business','uploads/1360b153b91c69e257bfbcf59db1b082',25);
INSERT INTO `podcast` (podcastID,title,creator,description,category,image,creatorID) VALUES (67,'fafawfw fafaf awfaw','KJberserk',' awdfafaw 5 afafaf  awfawfa edited','History','uploads/f0f39e9f403951b09ba72a7d532e1e65',2);
INSERT INTO `follow` (followID,userID,podcastID) VALUES (84,1,52);
INSERT INTO `follow` (followID,userID,podcastID) VALUES (94,3,51);
INSERT INTO `follow` (followID,userID,podcastID) VALUES (95,3,52);
INSERT INTO `follow` (followID,userID,podcastID) VALUES (96,3,54);
INSERT INTO `follow` (followID,userID,podcastID) VALUES (100,23,51);
INSERT INTO `follow` (followID,userID,podcastID) VALUES (101,23,52);
INSERT INTO `follow` (followID,userID,podcastID) VALUES (102,23,54);
INSERT INTO `follow` (followID,userID,podcastID) VALUES (104,24,54);
INSERT INTO `follow` (followID,userID,podcastID) VALUES (112,2,51);
INSERT INTO `follow` (followID,userID,podcastID) VALUES (114,2,58);
INSERT INTO `follow` (followID,userID,podcastID) VALUES (115,2,59);
INSERT INTO `follow` (followID,userID,podcastID) VALUES (116,2,52);
INSERT INTO `follow` (followID,userID,podcastID) VALUES (117,2,54);
INSERT INTO `follow` (followID,userID,podcastID) VALUES (119,25,51);
INSERT INTO `follow` (followID,userID,podcastID) VALUES (120,25,65);
INSERT INTO `follow` (followID,userID,podcastID) VALUES (121,30,51);
INSERT INTO `follow` (followID,userID,podcastID) VALUES (122,30,52);
INSERT INTO `follow` (followID,userID,podcastID) VALUES (123,30,54);
INSERT INTO `follow` (followID,userID,podcastID) VALUES (124,30,58);
INSERT INTO `follow` (followID,userID,podcastID) VALUES (125,32,58);
INSERT INTO `favorite` (favoriteID,userID,episodeID) VALUES (33,2,28);
INSERT INTO `favorite` (favoriteID,userID,episodeID) VALUES (34,2,29);
INSERT INTO `favorite` (favoriteID,userID,episodeID) VALUES (40,2,31);
INSERT INTO `favorite` (favoriteID,userID,episodeID) VALUES (42,2,50);
INSERT INTO `favorite` (favoriteID,userID,episodeID) VALUES (43,3,31);
INSERT INTO `favorite` (favoriteID,userID,episodeID) VALUES (44,3,32);
INSERT INTO `favorite` (favoriteID,userID,episodeID) VALUES (48,25,38);
INSERT INTO `favorite` (favoriteID,userID,episodeID) VALUES (49,25,39);
INSERT INTO `favorite` (favoriteID,userID,episodeID) VALUES (50,30,38);
INSERT INTO `favorite` (favoriteID,userID,episodeID) VALUES (51,30,39);
INSERT INTO `episode` (episodeID,title,file,uploadDate,price,podcastID,description,sponsor) VALUES (28,'Ep1 di Podcast1','audiofiles/8f77a3d9210e6f3d65f0d0a00b8fa11f','21-10-2020',0.0,51,'Description Ep1 Description Ep1 Description Ep1 Description Ep1 Description Ep1 Description Ep1 Description Ep1','');
INSERT INTO `episode` (episodeID,title,file,uploadDate,price,podcastID,description,sponsor) VALUES (29,'Ep2 di Podcast1','audiofiles/5fb5370b41ac615aacb46486b0e839be','21-10-2020',6.0,51,'Description Ep2 Description Ep2 Description Ep2 Description Ep2 Description Ep2 Description Ep2 Description Ep2','');
INSERT INTO `episode` (episodeID,title,file,uploadDate,price,podcastID,description,sponsor) VALUES (31,'Ep1 di Podcast2','audiofiles/ad851ef01e1458b0700c8338ce6f625f','21-10-2020',0.0,52,' Description Description Description Description Description Description Description Description Description Description','');
INSERT INTO `episode` (episodeID,title,file,uploadDate,price,podcastID,description,sponsor) VALUES (32,'Ep2 di podcast2','audiofiles/6ed86ebcb6d33e80365ab9e3e6c0f70e','21-10-2020',2.0,52,' Description Description Description Description Description Description Description Description Description Description','mc fierli');
INSERT INTO `episode` (episodeID,title,file,uploadDate,price,podcastID,description,sponsor) VALUES (38,'Ep1:Flat Earth, the secred Truth','audiofiles/46955dbb1e164f41bf7b5f4ba54e0538','29-10-2020',13.0,58,'They Biggest lie ever told. how did they manage to hide the truth for so long...',NULL);
INSERT INTO `episode` (episodeID,title,file,uploadDate,price,podcastID,description,sponsor) VALUES (39,'EP2:Curing cancer with cocaine','audiofiles/3196cf8c9b7e6eceeae8602df2b3760b','29-10-2020',0.0,58,'the alternative and less expensive way to cure cancer, Big pharma''s biggest fear','Lil''Pharm');
INSERT INTO `episode` (episodeID,title,file,uploadDate,price,podcastID,description,sponsor) VALUES (41,'EP1: The Vikings','audiofiles/9659dd0e280c556f630dbd0deebd7275','29-10-2020',0.0,59,'Raider, warlords and mostly traders, how did these nordic tribes conquest half of the European continent in less than 200 years?',NULL);
INSERT INTO `episode` (episodeID,title,file,uploadDate,price,podcastID,description,sponsor) VALUES (42,'EP2:Charlemagne','audiofiles/f314bf3747dbb050b0f195ff1e9f042b','29-10-2020',69.0,59,'Can one Single man with a mission and ambition conquer all of the continent under his banner?of course he can.',NULL);
INSERT INTO `episode` (episodeID,title,file,uploadDate,price,podcastID,description,sponsor) VALUES (50,'La vita di vangog','audiofiles/570aa176b6c2885468694bc5249d5791','31-10-2020',NULL,54,'Lorem ipsum dolor sit amet, consectetur adipiscing elit. Integer posuere erat a ante EDITED','luvre');
INSERT INTO `comment` (commentID,commentText,uploadDate,userID,episodeID) VALUES (38,'When using Bootstrap’s source Sass files, you have the option of using Sass variables and mixins to create custom, semantic, and responsive page layouts. Our predefined grid classes use these same variables and mixins to provide a whole suite of ready-to-use classes for fast responsive layouts.','31-10-2020',2,28);
INSERT INTO `comment` (commentID,commentText,uploadDate,userID,episodeID) VALUES (40,'dawfwafa','22-10-2020',3,28);
INSERT INTO `comment` (commentID,commentText,uploadDate,userID,episodeID) VALUES (46,'dawd','30-10-2020',2,31);
INSERT INTO `comment` (commentID,commentText,uploadDate,userID,episodeID) VALUES (47,'fawfa','30-10-2020',2,31);
INSERT INTO `comment` (commentID,commentText,uploadDate,userID,episodeID) VALUES (48,'dawga awfawf','30-10-2020',2,32);
INSERT INTO `comment` (commentID,commentText,uploadDate,userID,episodeID) VALUES (52,'adwfawfaf rtgrg ','01-11-2020',2,50);
INSERT INTO `comment` (commentID,commentText,uploadDate,userID,episodeID) VALUES (53,'When using Bootstrap’s source Sass files, you have the option of using Sass variables and mixins to create custom, semantic, and responsive page layouts. Our predefined grid classes use these same variables and mixins to provide a whole suite of ready-to-use classes for fast responsive layouts.','31-10-2020',2,29);
INSERT INTO `comment` (commentID,commentText,uploadDate,userID,episodeID) VALUES (54,'wadadwa fwafawfa rgrg srgsgs sawd ww wfefgaefga ','01-11-2020',1,28);
INSERT INTO `comment` (commentID,commentText,uploadDate,userID,episodeID) VALUES (55,'awfawf','01-11-2020',2,38);
INSERT INTO `comment` (commentID,commentText,uploadDate,userID,episodeID) VALUES (56,'awfafawfawf','02-11-2020',3,50);
INSERT INTO `comment` (commentID,commentText,uploadDate,userID,episodeID) VALUES (58,'afawfa','02-11-2020',3,31);
INSERT INTO `comment` (commentID,commentText,uploadDate,userID,episodeID) VALUES (59,'awfafa efefe gg','02-11-2020',25,50);
INSERT INTO `comment` (commentID,commentText,uploadDate,userID,episodeID) VALUES (60,'dawfafa','02-11-2020',25,41);
INSERT INTO `comment` (commentID,commentText,uploadDate,userID,episodeID) VALUES (61,'awfafafa gerghdth awdawda eeefgr tjhnft jftjf wfawfawfa rgs ','02-11-2020',25,41);
INSERT INTO `comment` (commentID,commentText,uploadDate,userID,episodeID) VALUES (62,'dwad','02-11-2020',25,50);
INSERT INTO `comment` (commentID,commentText,uploadDate,userID,episodeID) VALUES (63,'awdadad','02-11-2020',30,50);
INSERT INTO `category` (name,description) VALUES ('Arts','Books, Design, Fashion & Beauty, Food, Performing Arts, Visual Arts');
INSERT INTO `category` (name,description) VALUES ('Business','Careers, Entrepreneurship, Investing, Management, Marketing, Non-profit.');
INSERT INTO `category` (name,description) VALUES ('Comedy','Comedy Interviews, Improv, Stand-Up');
INSERT INTO `category` (name,description) VALUES ('Education','Courses, How To, Language Learning, Self-Improvement');
INSERT INTO `category` (name,description) VALUES ('Fiction','Comedy Fiction, Drama, Science Fiction');
INSERT INTO `category` (name,description) VALUES ('History','history');
INSERT INTO `category` (name,description) VALUES ('Music','Music Commentary, Music History, Music Interviews');
INSERT INTO `category` (name,description) VALUES ('News','Business News, Daily News, Entertainment News, News Commentary, Politics, Sports News, Tech News');
INSERT INTO `category` (name,description) VALUES ('Science','Astronomy, Chemistry, Earth Sciences, Life Sciences, Mathematics, Natural Sciences, Nature, Physics, Social Sciences');
COMMIT;
